1,this is post 1,1,"2024-07-27 10:51:50.246753"
2,this is post 2,2,"2024-07-27 10:52:10.789456"
3,this is post 3,3,"2024-07-27 10:53:15.123456"
4,this is post 4,1,"2024-07-27 10:54:20.654321"
5,this is post 5,2,"2024-07-27 10:55:30.987654"
6,this is post 6,3,"2024-07-27 10:56:40.135792"
7,this is post 7,1,"2024-07-27 10:57:50.246813"
8,this is post 8,2,"2024-07-27 10:58:10.345678"
9,this is post 9,3,"2024-07-27 10:59:20.456789"
10,this is post 10,1,"2024-07-27 11:00:30.567890"
11,this is post 11,2,"2024-07-27 11:01:40.678901"
12,this is post 12,3,"2024-07-27 11:02:50.789012"
13,this is post 13,1,"2024-07-27 11:03:00.890123"
14,this is post 14,2,"2024-07-27 11:04:10.901234"
15,this is post 15,3,"2024-07-27 11:05:20.012345"
16,this is post 16,1,"2024-07-27 11:06:30.123456"
17,this is post 17,2,"2024-07-27 11:07:40.234567"
18,this is post 18,3,"2024-07-27 11:08:50.345678"
19,this is post 19,1,"2024-07-27 11:09:00.456789"
20,this is post 20,2,"2024-07-27 11:10:10.567890"
21,this is post 21,3,"2024-07-27 11:11:20.678901"
22,this is post 22,1,"2024-07-27 11:12:30.789012"
23,this is post 23,2,"2024-07-27 11:13:40.890123"
24,this is post 24,3,"2024-07-27 11:14:50.901234"
25,this is post 25,1,"2024-07-27 11:15:00.012345"
26,this is post 26,2,"2024-07-27 11:16:10.123456"
27,this is post 27,3,"2024-07-27 11:17:20.234567"
28,this is post 28,1,"2024-07-27 11:18:30.345678"
29,this is post 29,2,"2024-07-27 11:19:40.456789"
30,this is post 30,3,"2024-07-27 11:20:50.567890"
31,this is post 31,1,"2024-07-27 11:21:00.678901"
32,this is post 32,2,"2024-07-27 11:22:10.789012"
33,this is post 33,3,"2024-07-27 11:23:20.890123"
34,this is post 34,1,"2024-07-27 11:24:30.901234"
35,this is post 35,2,"2024-07-27 11:25:40.012345"
36,this is post 36,3,"2024-07-27 11:26:50.123456"
37,this is post 37,1,"2024-07-27 11:27:00.234567"
38,this is post 38,2,"2024-07-27 11:28:10.345678"
39,this is post 39,3,"2024-07-27 11:29:20.456789"
40,this is post 40,1,"2024-07-27 11:30:30.567890"
41,this is post 41,2,"2024-07-27 11:31:40.678901"
42,this is post 42,3,"2024-07-27 11:32:50.789012"
43,this is post 43,1,"2024-07-27 11:33:00.890123"
44,this is post 44,2,"2024-07-27 11:34:10.901234"
45,this is post 45,3,"2024-07-27 11:35:20.012345"
46,this is post 46,1,"2024-07-27 11:36:30.123456"
47,this is post 47,2,"2024-07-27 11:37:40.234567"
48,this is post 48,3,"2024-07-27 11:38:50.345678"
49,this is post 49,1,"2024-07-27 11:39:00.456789"
50,this is post 50,2,"2024-07-27 11:40:10.567890"
51,this is post 51,3,"2024-07-27 11:41:20.678901"
52,this is post 52,1,"2024-07-27 11:42:30.789012"
53,this is post 53,2,"2024-07-27 11:43:40.890123"
54,this is post 54,3,"2024-07-27 11:44:50.901234"
55,this is post 55,1,"2024-07-27 11:45:00.012345"
56,this is post 56,2,"2024-07-27 11:46:10.123456"
57,this is post 57,3,"2024-07-27 11:47:20.234567"
58,this is post 58,1,"2024-07-27 11:48:30.345678"
59,this is post 59,2,"2024-07-27 11:49:40.456789"
60,this is post 60,3,"2024-07-27 11:50:50.567890"
